{
  "Version": "2012-10-17",
  "Statement": [
    {
      "Sid": "CloudWatchLogsAccessPolicy",
      "Effect": "Allow",
      "Action": [
        "logs:CreateLogGroup",
        "logs:CreateLogStream",
        "logs:PutLogEvents"
      ],
      "Resource": "*"
    },
    {
      "Sid": "CodeCommitPolicy",
      "Effect": "Allow",
      "Action": [
        "codecommit:GitPull"
      ],
      "Resource": [
        "*"
      ]
    },
    {
      "Sid": "S3AccessPolicy",
      "Effect": "Allow",
      "Action": [
        "s3:GetObject",
        "s3:PutObject",
        "s3:GetObjectVersion",
        "s3:GetBucketAcl",
        "s3:GetBucketLocation"
      ],
      "Resource": "*"
    },
    {
      "Sid": "ECRAccessPolicy",
      "Effect": "Allow",
      "Action": [
        "ecr:GetAuthorizationToken",
        "ecr:GetDownloadUrlForLayer",
        "ecr:BatchGetImage",
        "ecr:BatchCheckLayerAvailability",
        "ecr:PutImage",
        "ecr:InitiateLayerUpload",
        "ecr:UploadLayerPart",
        "ecr:CompleteLayerUpload"
      ],
      "Resource": "*"
    },
    {
        "Sid": "EKSAccessPolicy",
        "Effect": "Allow",
        "Action": [
          "eks:Describe*"
        ],
        "Resource": "*"
      }
  ]
}
