{
  "Version": "2012-10-17",
  "Statement": [
    {
      "Sid": "IamPassRolePolicy",
      "Effect": "Allow",
      "Action": [
          "iam:PassRole"
      ],
      "Resource": "*",
      "Condition": {
        "StringEqualsIfExists": {
          "iam:PassedToService": [
            "cloudformation.amazonaws.com",
            "elasticbeanstalk.amazonaws.com",
            "ec2.amazonaws.com",
            "ecs-tasks.amazonaws.com"
          ]
        }
      }
    },
    {
      "Sid": "CodeBuildPolicy",
      "Effect": "Allow",
      "Action": [
        "codebuild:BatchGetBuilds",
        "codebuild:StartBuild"
      ],
      "Resource": "*"
    },
    {
      "Sid": "CodeCommitPolicy",
      "Effect": "Allow",
      "Action": [
        "codecommit:GetBranch",
        "codecommit:GetCommit",
        "codecommit:UploadArchive",
        "codecommit:GetUploadArchiveStatus",
        "codecommit:CancelUploadArchive"
      ],
      "Resource": "*"
    },
    {
      "Sid": "S3AccessPolicy",
      "Effect": "Allow",
      "Action": [
        "s3:GetObject",
        "s3:PutObject",
        "s3:GetObjectVersion",
        "s3:GetBucketAcl",
        "s3:GetBucketLocation"
      ],
      "Resource": "*"
    },
    {
      "Sid": "ECRAccessPolicy",
      "Effect": "Allow",
      "Action": [
        "ecr:DescribeImages"
      ],
      "Resource": "*"
    }
  ]
}
